Title,URL,Date
"Clubhouse 1,3 mln danych data scraping - Just Geek IT",https://geek.justjoin.it/wyciek-data-scraping-dane-1-3-mln-uzytkownikow-clubhouse,12 kwi 2021
What Is Data Scraping And How Can You Use It?,https://www.targetinternet.com/resources/what-is-data-scraping-and-how-can-you-use-it,
What is data scraping? - YouTube,https://www.youtube.com/watch?v=COeMzrSYgvw,30 paź 2020
Web Scraping with Python - Beautiful Soup Crash Course,https://www.youtube.com/watch?v=XVv6mJpFOb0,18 lis 2020
Web scraping - zbieranie danych z sieci! cz.1 - YouTube,https://www.youtube.com/watch?v=AamZ4aSf9Ak,31 gru 2020
Data Scraping from Websites to Excel | Web Scraper Chorme ...,https://www.youtube.com/watch?v=aClnnoQK9G0,20 sie 2021
Python - web scraping pl - YouTube,https://www.youtube.com/watch?v=bNoHb2iKQQ0,22 paź 2019
How to do Data Scraping in UiPath - Full Tutorial - YouTube,https://www.youtube.com/watch?v=94vxID7MBOM,21 kwi 2022
Web Scraping w Pythonie czyli jak pobrać i zapisać dane ze ...,https://www.youtube.com/watch?v=CEOTrWowqfo,22 lip 2020
10 FREE Web Scrapers That You Cannot Miss in 2022,https://www.octoparse.com/blog/9-free-web-scrapers-that-you-cannot-miss,miesiąc temu
7 Best Web Scraping Tools To Extract Data,https://betterprogramming.pub/data-scraping-tools-7cb76eeab89e,26 kwi 2021
Web Scraping Software - UiPath,https://www.uipath.com/solutions/technology/web-scraping-software,31 sty 2015
Web Scraping Examples: How are Businesses Using Web ...,https://www.parsehub.com/blog/web-scraping-examples/,1 lut 2022
WEB SCRAPING made simple with JAVASCRIPT tutorial,https://www.youtube.com/watch?v=TzZ3YOUhCxo,9 sty 2020
UiPath Data Scraping (Web Page to Excel) - Tutorial - YouTube,https://www.youtube.com/watch?v=vIAJvk4quqA,22 sty 2020
SQL Day 2019 | Web scraping praktycznie - Sławomir Drzymała,https://www.youtube.com/watch?v=axu12guVKaA,29 lis 2020
Instant Data Scraper - Chrome Web Store,https://chrome.google.com/webstore/detail/instant-data-scraper/ofaokhiedipichpaobibbnahnkdoiiah?hl=pl,11 gru 2019
What is Web Scraping and What is it Used For? - YouTube,https://www.youtube.com/watch?v=Ct8Gxo8StBU,27 wrz 2019
Web Scraping Techniques: How to Scrape Data from the Internet,https://www.youtube.com/watch?v=WgfUrqMbokE,25 mar 2021
Web Scraping with Node.js - YouTube,https://www.youtube.com/watch?v=eUYMiztBEdY,15 lut 2018
A Guide to Web Scraping with Node.js - YouTube,https://www.youtube.com/watch?v=dXjKh66BR2U,24 lip 2019
Web Scraper intro tutorial - YouTube,https://www.youtube.com/watch?v=n7fob_XVsbY,25 cze 2019
Bezpłatny warsztat web scraping - Jak wykorzystać Pythona ...,https://futurecollars.com/wydarzenia-fc/26-08-bezplatny-warsztat-web-scraping-jak-wykorzystac-pythona-do-pracy-z-danymi/,8 gru 2021
How to Seed your Database with Web Scraping - YouTube,https://www.youtube.com/watch?v=_opDs6UPDyo,9 mar 2017
5 Best Web Scraping Tools in 2020! - YouTube,https://www.youtube.com/watch?v=QbkXCkcmHJI,8 kwi 2019
Web Scraping Made EASY With Power Automate Desktop,https://www.youtube.com/watch?v=DgBZiBIgh3w,10 lut 2022
Data Scraping Crawler - Extract contact data from any website,https://www.youtube.com/watch?v=AOoWwZs107s,25 sie 2021
Intro to Web Scraping with Python and Beautiful Soup - YouTube,https://www.youtube.com/watch?v=XQgXKtPSzUI,7 sty 2017
Scrape Data from Google Search - YouTube,https://www.youtube.com/watch?v=_R8pNl41iUg,23 lip 2021
Build a Web Scraper (super simple!) - YouTube,https://www.youtube.com/watch?v=-3lqUHeZs_0,26 wrz 2021
Web Scraping in Power Automate for Desktop (Full Tutorial),https://www.youtube.com/watch?v=WXK0u2yXLrU,25 maj 2022
Is Web Scraping Legal? Explanation and Examples - ParseHub,https://www.parsehub.com/blog/web-scraping-legal/,14 lip 2021
Data Scraping for Research Purposes - YouTube,https://www.youtube.com/watch?v=_mTGWquOEos,3 kwi 2022
The Easiest Way to Scrape Web Data with VBA - YouTube,https://www.youtube.com/watch?v=E3u_1e3wg74,29 mar 2022
6 Free Web Scraping Tools That Make Data Collection a Breeze,https://builtin.com/data-science/free-web-scraping-tools,3 tygodnie temu
Data Scraping Crawler - PhantomBuster,https://phantombuster.com/automations/toolbox/22972/data-scraping-crawler,24 lip 2019
Web scraping for Beginners | Introduction guide - ParseHub,https://www.parsehub.com/blog/beginners-guide-to-web-scraping/,17 lis 2020
Watch | What is data scraping? - The Hindu,https://www.thehindu.com/sci-tech/technology/what-is-data-scraping/article32908610.ece,
Is Web Scraping Easy? How to Scrape Data without Coding ...,https://www.parsehub.com/blog/web-scraping-easy/,10 lut 2020
What Is Web Scraping - Basics & Practical Uses - Octoparse,https://www.octoparse.com/blog/what-is-web-scraping-basics-and-use-cases,24 sty 2022
How to do Web Scraping with UiPath - Use Case - YouTube,https://www.youtube.com/watch?v=jDKo4sax0SY,15 wrz 2020
Web scraping using Python - Linux Hint,https://linuxhint.com/web_scraping_python/,
Web Scraping vs API: What's the Difference? - ParseHub,https://www.parsehub.com/blog/web-scraping-vs-api/,9 mar 2020
Simple Web Scraping using R - YouTube,https://www.youtube.com/watch?v=tuNuxCjBU3U,8 gru 2015
EBF video: What is screen-scraping?,https://www.ebf.eu/retail-payments/what-is-screen-scraping/,16 maj 2017
Tidy web scraping in R — Tutorial and resources,https://towardsdatascience.com/tidy-web-scraping-in-r-tutorial-and-resources-ac9f72b4fe47,16 sie 2019
Google Maps Data Scraping by Free Instant Data Scraper ...,https://www.youtube.com/watch?v=iNy4kfyzK-k,26 sie 2021
Manage and Prevent Web Scraping - F5 Networks,https://www.f5.com/solutions/scraping,21 maj 2020
What is Web Scraping and What is it Used For? | ParseHub,https://www.parsehub.com/blog/what-is-web-scraping/,1 sie 2021
Web Scraping Process - MindBowser,https://www.mindbowser.com/web-scraping-process/,1 lip 2020
